GEOID,NAMELSAD,ALAND,Shape_Leng,Shape_Area,Pop_Fa100,Pop_Fa500,Pop_Fe100,Pop_evac,Pop_NSF,Fa100_TP,Fa100_FP,Fa100_TN,Fa100_FN,Fa100_acc,Fa100_pre,Fa100_rec,Fa500_TP,Fa500_FP,Fa500_TN,Fa500_FN,Fa500_acc,Fa500_pre,Fa500_rec,Fe100_TP,Fe100_FP,Fe100_TN,Fe100_FN,Fe100_acc,Fe100_pre,Fe100_rec,Evac_TP,Evac_FP,Evac_TN,Evac_FN,Evac_acc,Evac_pre,Evac_rec,SoVI_S,FepreS,FeaccS,FerecS,Evac_preS,Evac_accS,Evac_recS,elderly,avghouse,female,kid,unemployed,house75k,poverty,rental,mobile,femalehous,nodiploma,labor,femalelab,medage,income,medhome,medrent,SSrecip,white,black,amerind,asian,hawaiian,hispanic,primaryemp,transemp,serviceemp,housesqml,SoVI_Score,SoVI_Q,SoVI_QS,SoVI_SD,SoVI_SDS,source
1.2103E+11,Block Group 2,381569,4771.154621,481030.9165,0,34,154,40,105,0,0,589,36,0.9424,0,0,7,11,578,29,0.936,0.388888889,0.194444444,33,23,566,3,0.9584,0.589285714,0.916666667,7,10,579,29,0.9376,0.411764706,0.194444444,4,3,3,1,1,2,1,46.2585034,57.82312925,53.06122449,1.749271137,9.090909091,40.84033613,1.652089407,27.89915966,28.55579869,9.075630252,4.761904762,38.48396501,48.33333333,47.2,46769,170300,1089,54.45378151,91.73955296,5.539358601,1.195217801,5.888926547,2.380905654,3.401360544,4.02711149,6.03554878,5.594405594,4038.723117,-0.040914122,2,Moderate,-0.040914122,Moderate,Long_floodpop_matrix
1.2103E+11,Block Group 3,336807,2778.793045,432211.0442,13,122,488,119,131,1,4,508,31,0.935661765,0.2,0.03125,16,14,498,16,0.944852941,0.533333333,0.5,31,106,406,1,0.803308824,0.226277372,0.96875,18,7,505,14,0.961397059,0.72,0.5625,4,1,1,2,3,3,3,52.75,64.125,52.25,1.25,6.639222022,16.17933723,2.375,52.82651072,25.31451256,7.01754386,9.25,39.875,49.84326019,64.2,31104,109300,994,52.2417154,82.5,12.375,1.283848677,3.25,2.167103096,2.75,3.134796238,12.10762332,15.24663677,3944.90414,0.973807324,3,High,0.973807324,Moderate,Long_floodpop_matrix
1.2103E+11,Block Group 1,476518,8108.724287,546008.5386,3,5,313,271,242,0,1,359,48,0.879901961,0,0,0,3,357,48,0.875,0,0,48,10,350,0,0.975490196,0.827586207,1,44,7,353,4,0.973039216,0.862745098,0.916666667,3,4,4,4,4,4,4,64.87523992,55.6621881,57.38963532,3.262955854,5.786905235,49.31034483,2.380968039,23.79310345,0.536480687,4.482758621,3.838771593,41.84261036,53.66972477,71.1,87345,661100,1477,56.89655172,96.92898273,8.567080139,1.292513669,5.881564942,2.118426946,3.071017274,3.823903639,5.783063167,14.76274663,1576.227448,0.498377731,3,High,0.498377731,Moderate,Long_floodpop_matrix
1.2103E+11,Block Group 2,1702689,7337.271939,2264690.857,30,49,42,14,33,29,3,1342,46,0.965492958,0.90625,0.386666667,68,10,1335,7,0.988028169,0.871794872,0.906666667,75,24,1321,0,0.983098592,0.757575758,1,60,33,1312,15,0.966197183,0.64516129,0.8,3,4,4,4,2,4,4,21.94986072,41.67130919,48.63509749,5.961002786,10.79274117,30.21390374,3.621169916,49.19786096,13.45454545,10.56149733,6.016713092,58.32869081,49.57173448,40,27055,223800,1405,22.72727273,81.55988858,1.169916435,1.519625151,9.749303621,2.020531047,2.896935933,1.177730193,11.04734577,9.469153515,1137.801405,-2.188362346,1,Low,-2.188362346,Low,Long_floodpop_matrix
1.2103E+11,Block Group 2,939187,19360.82703,1130731.835,43,132,1009,28,725,14,10,462,295,0.609475032,0.583333333,0.045307443,52,31,441,257,0.631241997,0.626506024,0.16828479,309,110,362,0,0.85915493,0.737470167,1,7,5,467,302,0.606914213,0.583333333,0.022653722,1,4,1,4,2,1,1,37.82549109,43.49017816,41.20603015,2.375513933,4.207119741,44.43277311,1.279122887,46.63865546,0.674536256,2.836134454,2.329830973,56.46413888,25.08445946,56.4,61814,731100,3157,45.27310924,89.62996802,1.73595249,1.3241812,0.411146642,1.952954775,10.82686158,1.52027027,1.394700139,4.463040446,2625.33709,-4.403793291,0,Very Low,-4.403793291,Low,Long_floodpop_matrix
1.2103E+11,Block Group 3,980491,7339.207262,1307242.231,120,331,406,136,202,24,40,1122,75,0.908802538,0.375,0.242424242,56,89,1073,43,0.895321174,0.386206897,0.565656566,89,109,1053,10,0.905630452,0.449494949,0.898989899,33,26,1136,66,0.92704203,0.559322034,0.333333333,1,2,2,1,2,2,2,39.86102337,40.6190777,48.57864814,5.811749842,2.063983488,79.62674961,0.505369551,1.244167963,24.55249438,9.175738725,9.602021478,61.21288692,44.04636459,56.5,57148,392800,,35.61430793,95.26216045,1.76879343,1.441507785,0.884396715,2.151536715,1.452937461,4.290748017,0.97323601,16.56063478,1698.507855,-1.703055017,1,Low,-1.703055017,Low,Long_floodpop_matrix
1.2103E+11,Block Group 1,900428,11916.16419,1177671.914,55,97,410,174,310,18,11,1417,108,0.923423423,0.620689655,0.142857143,25,25,1403,101,0.918918919,0.5,0.198412698,124,35,1393,2,0.976190476,0.779874214,0.984126984,69,6,1422,57,0.959459459,0.92,0.547619048,4,4,4,3,4,3,2,56.25,58.38815789,50.49342105,4.76670692,6.597704753,31.83098592,4.111842105,7.887323944,62.11656442,2.535211268,20.55921053,47.20394737,52.26480836,66.9,32505,59500,1056,49.85915493,91.94078947,14.32545472,0.822368421,4.111842105,1.937329352,2.467105263,4.24739302,14.63414634,30.48780488,1021.12653,0.788527078,3,High,0.788527078,Moderate,Long_floodpop_matrix
1.2103E+11,Block Group 3,1092826,13920.3265,1496313.545,49,91,1303,992,882,7,7,1690,265,0.861858812,0.5,0.025735294,12,17,1680,260,0.859319451,0.413793103,0.044117647,262,150,1547,10,0.918740477,0.63592233,0.963235294,184,93,1604,88,0.908075165,0.664259928,0.676470588,3,3,2,2,2,1,3,54.81049563,55.74344023,54.11078717,4.956268222,3.081664099,52.71966527,2.040816327,31.58995816,12.97770701,9.728033473,5.072886297,37.8425656,58.6645469,68.6,51856,339100,1760,49.37238494,91.0787172,1.690962099,1.335918575,3.148688047,2.025748347,4.43148688,3.497615262,6.14812322,12.47637051,2265.724348,0.38038023,2,Moderate,0.38038023,Moderate,Long_floodpop_matrix
1.2103E+11,Block Group 3,921196,11592.46049,1193799.641,33,69,291,149,171,2,10,645,80,0.877883311,0.166666667,0.024390244,15,26,629,67,0.873812754,0.365853659,0.182926829,80,60,595,2,0.91587517,0.571428571,0.975609756,52,20,635,30,0.932157395,0.722222222,0.634146341,1,3,2,2,3,2,3,23.81909548,46.33165829,45.52763819,13.16582915,3.165735568,51.84381779,3.316582915,14.31670282,2.786885246,12.89061131,4.120603015,53.96984925,47.30769231,56.2,87459,509400,,27.76572668,94.07035176,17.17336619,1.352811837,6.212137084,1.822449169,5.929648241,4.483928749,6.173492464,16.54501217,1296.131544,-1.234128291,1,Low,-1.234128291,Moderate,Long_floodpop_matrix
1.2103E+11,Block Group 2,2371878,8461.11973,3186176.839,60,135,836,125,254,5,16,3662,87,0.972679045,0.238095238,0.054347826,25,23,3655,67,0.976127321,0.520833333,0.27173913,78,182,3496,14,0.94801061,0.3,0.847826087,27,17,3661,65,0.978249337,0.613636364,0.293478261,2,1,3,1,2,4,1,21.30325815,42.6566416,46.21553885,9.824561404,0.325732899,39.60047004,2.642936175,22.3266745,22.98479302,8.813160987,7.518796992,61.55388471,50.98039216,36.5,45156,303800,1087,29.02467685,78.89724311,2.857142857,1.416524087,11.42857143,1.872441042,4.711779449,0.490196078,0.609756098,18.17073171,929.26036,-0.343976561,2,Moderate,-0.343976561,Moderate,Long_floodpop_matrix
1.2103E+11,Block Group 1,695612,10201.47867,932382.825,56,126,1539,682,652,12,1,1089,146,0.882211538,0.923076923,0.075949367,25,1,1089,133,0.892628205,0.961538462,0.158227848,153,206,884,5,0.830929487,0.426183844,0.96835443,124,45,1045,34,0.936698718,0.733727811,0.784810127,4,2,1,2,3,2,3,59.65473146,63.74680307,64.76982097,2.301790281,2.372262774,17.05115346,0.639386189,13.13941825,23.23858187,3.811434303,17.32736573,35.03836317,60.18691589,60.8,32864,135200,929,66.39919759,78.90025575,2.557544757,1.377104786,10.74168798,1.894020343,1.726342711,4.339774277,2.144772118,17.15817694,3712.173715,5.562343428,4,Very High,5.562343428,Very High,Long_floodpop_matrix
1.2103E+11,Block Group 1,2016347,27895.65389,2944253.558,87,219,2210,1196,1222,29,4,3348,451,0.881263048,0.878787879,0.060416667,75,10,3342,405,0.891701461,0.882352941,0.15625,479,482,2870,1,0.873956159,0.498439126,0.997916667,393,148,3204,87,0.938674322,0.726432532,0.81875,3,2,1,4,3,3,4,36.96369637,42.33851957,50.73078736,3.913248468,2.52016129,46.21380846,2.168788307,25.27839644,1.031894934,7.906458797,4.479019331,46.77039132,49.74146846,54.4,53997,424500,1025,42.0935412,70.34417727,6.553512494,1.361787918,4.71475719,5.657708628,16.73738802,1.034126163,1.146131805,9.455587393,1153.483168,2.387517545,4,Very High,2.387517545,High,Long_floodpop_matrix
1.2103E+11,Block Group 1,417760,9787.481529,534388.6193,104,103,1355,1121,1124,12,5,550,202,0.730819246,0.705882353,0.056074766,18,12,543,196,0.729518856,0.6,0.08411215,214,33,522,0,0.957087126,0.866396761,1,185,24,531,29,0.931079324,0.885167464,0.864485981,3,4,3,4,4,2,4,71.93292145,61.2533098,48.36716681,4.433481186,5.893198291,42.50720461,2.417008628,12.39193084,22.8876497,10.98989652,6.266548985,32.1270962,40.10989011,69.9,63079,250600,1788,65.70605187,89.58517211,2.383053839,1.321927043,7.590467785,2.01324624,1.235657546,5.769230769,3.816793893,9.541984733,4302.618244,1.203810346,3,High,1.203810346,Moderate,Long_floodpop_matrix
1.2103E+11,Block Group 2,778988,4283.334829,1038558.411,139,120,483,194,234,15,31,1153,52,0.933653078,0.326086957,0.223880597,12,33,1151,55,0.929656275,0.266666667,0.179104478,67,119,1065,0,0.904876099,0.360215054,1,37,50,1134,30,0.936051159,0.425287356,0.552238806,3,1,2,4,1,2,3,51.42594296,48.48206072,47.74609016,5.611775529,2.765957447,39.4686907,0.919963201,10.056926,6.006493506,4.933586338,4.875804968,43.23827047,47.04595186,58.5,39414,315300,883,49.71537002,84.17663293,4.323827047,0.643974241,9.567617295,0.367985281,3.495860166,2.188183807,5.904052152,12.37458194,1752.185355,-1.973377415,1,Low,-1.973377415,Low,Long_floodpop_matrix
1.2103E+11,Block Group 3,1128791,12779.27851,1528842.199,8,16,509,385,391,3,0,595,113,0.841068917,1,0.025862069,7,1,594,109,0.845288326,0.875,0.060344828,116,45,550,0,0.936708861,0.720496894,1,98,14,581,18,0.954992968,0.875,0.844827586,1,4,3,4,4,3,4,37.07274321,41.71779141,50.13146363,7.449605609,5.415860735,70.37815126,2.389263294,26.43973781,23.22829412,1.890756303,1.139351446,45.31113059,37.21881391,50,68199,428300,,49.3697479,95.61787905,1.840490798,1.316229264,5.814503615,2.059683027,1.66520596,4.11342788,5.949107511,8.163265306,1092.178475,-3.08141612,0,Very Low,-3.08141612,Low,Long_floodpop_matrix
1.2103E+11,Block Group 1,668958,5315.97981,866459.1973,98,128,115,14,77,0,49,987,25,0.930254477,0,0,0,78,958,25,0.902921772,0,0,18,21,1015,7,0.973609802,0.461538462,0.72,9,0,1036,16,0.984919887,1,0.36,2,2,4,1,4,4,2,23.01854975,48.48229342,52.69814503,0.84317032,1.958525346,48.17391304,1.686340641,26.95652174,11.73633441,9.217391304,0.927487352,73.18718381,50.8353222,42.1,44950,233600,1926,22.95652174,92.83305228,2.529510961,1.361563122,4.13153457,2.080767979,8.094435076,1.789976134,5.831674133,1.617647059,2226.225696,-4.416819793,0,Very Low,-4.416819793,Low,Long_floodpop_matrix
1.2103E+11,Block Group 2,1114366,8580.840925,1448940.871,170,197,103,64,79,6,57,1682,34,0.948847667,0.095238095,0.15,5,73,1666,35,0.939291737,0.064102564,0.125,35,17,1722,5,0.987633502,0.673076923,0.875,21,14,1725,19,0.981450253,0.6,0.525,2,3,4,1,2,4,2,28.43317972,38.20276498,51.42857143,0.599078341,3.317535545,43.30518697,0.322580645,33.05186972,11.9140625,25.33172497,12.53456221,58.34101382,46.52892562,38.2,34926,261900,1478,39.80699638,79.9078341,10.23041475,1.371859447,1.520737327,2.108397504,12.35023041,0.495867769,1.844532279,11.33069829,1926.756691,-0.907624768,2,Moderate,-0.907624768,Moderate,Long_floodpop_matrix
1.2103E+11,Block Group 2,631486,6482.698711,801692.108,41,182,508,32,324,13,11,851,131,0.858846918,0.541666667,0.090277778,52,32,830,92,0.876739563,0.619047619,0.361111111,138,82,780,6,0.912524851,0.627272727,0.958333333,6,5,857,138,0.857852883,0.545454545,0.041666667,4,3,2,2,1,1,1,65.31100478,59.68899522,57.29665072,4.608400935,10.83333333,12.2244489,2.153110048,15.23046092,67.28167282,7.014028056,9.56937799,43.06220096,64.79750779,63.8,25156,120000,923,64.72945892,83.73205742,3.708133971,0.598086124,5.502392344,2.118968841,6.937799043,4.206488795,11.5,28.5,2046.619074,2.511243078,4,Very High,2.511243078,High,Long_floodpop_matrix
1.2103E+11,Block Group 1,2458475,15715.22628,3216154.237,8,24,147,184,80,4,1,3869,48,0.987506374,0.8,0.076923077,13,3,3867,39,0.989291178,0.8125,0.25,51,46,3824,1,0.988016318,0.525773196,0.980769231,50,72,3798,2,0.981132075,0.409836066,0.961538462,2,2,4,3,1,4,4,23.20916905,47.27793696,38.96848138,4.011461318,2.083333333,53.93939394,1.862464183,57.72727273,12.72965879,1.515151515,3.653295129,55.01432665,42.95212766,44.3,52576,213200,1838,27.12121212,87.17765043,3.581661891,1.34726922,3.366762178,1.928671235,2.220630372,1.728723404,6.132932276,15.94202899,695.3097792,-3.971983525,0,Very Low,-3.971983525,Low,Long_floodpop_matrix
1.2103E+11,Block Group 1,996156,8010.411981,1351104.262,41,151,463,260,183,5,22,1545,77,0.939963614,0.185185185,0.06097561,32,32,1535,50,0.950272893,0.5,0.390243902,80,113,1454,2,0.930260764,0.414507772,0.975609756,57,58,1509,25,0.949666465,0.495652174,0.695121951,1,1,3,2,1,3,3,24.95201536,32.43761996,44.7696737,9.069097889,4.11558669,56.06508876,3.02303263,13.46153846,23.36947124,5.029585799,2.399232246,54.79846449,32.78538813,44.4,39094,362200,2139,32.69230769,75.9596929,12.33205374,1.396790468,7.629558541,1.954409983,3.646833013,3.652968037,4.333333333,8.333333333,1757.597957,-3.538970487,0,Very Low,-3.538970487,Low,Long_floodpop_matrix
1.2103E+11,Block Group 2,2035251,9047.525656,3155695.121,119,373,392,141,182,25,24,3463,170,0.947311244,0.510204082,0.128205128,139,77,3410,56,0.963878327,0.643518519,0.712820513,177,81,3406,18,0.973112439,0.686046512,0.907692308,155,43,3444,40,0.977457903,0.782828283,0.794871795,2,3,4,1,3,4,4,36.21867882,44.57099468,41.53378891,6.833712984,3.610108303,49.40374787,2.429764617,42.24872232,7.641633729,10.56218058,4.859529233,42.06529992,44.56928839,57.2,46148,366400,1459,47.70017036,72.36142749,7.82080486,1.42981437,13.66742597,1.895629356,3.113135915,4.307095182,6.202153704,13.16526611,746.9995201,-0.766987807,2,Moderate,-0.766987807,Moderate,Long_floodpop_matrix
1.2103E+11,Block Group 1,520358,3371.460796,669248.1774,26,180,397,0,119,2,6,755,29,0.955808081,0.25,0.064516129,18,43,718,13,0.929292929,0.295081967,0.580645161,30,72,689,1,0.907828283,0.294117647,0.967741935,0,0,761,31,0.960858586,0,0,2,1,2,2,1,3,1,15.80357143,33.39285714,40.44642857,11.78571429,3.541666667,41.71122995,1.875,16.31016043,24.15171378,9.35828877,5.714285714,42.85714286,46.22030238,28.6,27293,237000,1924,25.93582888,90.71428571,9.344741559,1.383503987,4.375,2.018325776,5,4.193161603,0.501253133,5.764411028,1861.527965,-1.622550287,1,Low,-1.622550287,Low,Long_floodpop_matrix
1.2103E+11,Block Group 3,602658,3605.944295,788452.9511,207,424,1394,434,818,61,13,675,168,0.80261723,0.824324324,0.266375546,100,53,635,129,0.801526718,0.653594771,0.436681223,227,218,470,2,0.760087241,0.51011236,0.991266376,91,18,670,138,0.829880044,0.834862385,0.397379913,4,2,1,3,4,1,2,55.01592357,44.58598726,61.30573248,3.025477707,3.529411765,33.39285714,2.543512099,9.464285714,15.01547988,12.5,1.671974522,47.37261146,57.32142857,58.1,38721,146100,1411,55.71428571,88.21656051,3.742038217,1.374492737,6.11284578,1.976360658,8.280254777,4.286093654,7.077625571,16.36084264,2406.674184,0.881682792,3,High,0.881682792,Moderate,Long_floodpop_matrix
1.2103E+11,Block Group 1,1279202,6463.989187,1695820.907,111,458,956,174,457,28,10,820,118,0.868852459,0.736842105,0.191780822,105,45,785,41,0.911885246,0.7,0.719178082,144,149,681,2,0.845286885,0.491467577,0.98630137,51,8,822,95,0.894467213,0.86440678,0.349315068,2,2,1,3,4,1,2,37.88793103,31.98275862,54.18103448,1.896551724,3.153526971,57.27762803,2.583803251,8.221024259,24.29776989,10.51212938,3.060344828,51.93965517,49.35732648,53.9,44468,317300,,33.55795148,92.5,0.646551724,1.444455131,2.155172414,2.066161871,11.76724138,2.05655527,1.215066829,13.00121507,1502.328734,-1.495694545,1,Low,-1.495694545,Moderate,Long_floodpop_matrix
1.2103E+11,Block Group 2,2122629,9092.661825,2895014.102,201,307,126,3,65,12,85,3303,19,0.969581749,0.12371134,0.387096774,21,122,3266,10,0.96139222,0.146853147,0.677419355,20,41,3347,11,0.984790875,0.327868852,0.64516129,0,1,3387,31,0.990640538,0,0,1,1,4,1,1,4,1,33.92747388,44.86785495,55.56238476,7.49846343,6.128842831,76.98630137,4.732636755,31.01485107,23.58450806,1.369863014,4.486785495,46.46588814,50.92592593,50.3,70562,555800,,34.79452055,78.48801475,10.41678793,1.463841031,8.85064536,1.965481766,9.09649662,4.322546377,6.16957736,9.052631579,890.7359179,-1.160594846,1,Low,-1.160594846,Moderate,Long_floodpop_matrix
1.2103E+11,Block Group 2,3156282,13555.41082,4393737.789,347,971,1790,1105,1333,186,16,4507,449,0.909848779,0.920792079,0.292913386,397,67,4456,238,0.940868554,0.855603448,0.62519685,630,245,4278,5,0.951531601,0.72,0.992125984,465,84,4439,170,0.950756107,0.846994536,0.732283465,1,4,3,3,4,3,3,30.96374046,46.75572519,47.56679389,1.95610687,0.6271777,69.28571429,2.506055477,36.12244898,3.278688525,9.591836735,2.86259542,68.46374046,44.10939691,35.6,66520,285000,3501,38.46938776,78.72137405,9.685114504,1.350580361,2.910305344,2.11986084,9.398854962,4.978962132,2.693602694,2.356902357,804.1748292,-4.665534298,0,Very Low,-4.665534298,Very Low,Long_floodpop_matrix
1.2103E+11,Block Group 4,875510,4570.715637,1152056.478,319,812,762,27,304,39,43,1178,39,0.936874519,0.475609756,0.5,75,161,1060,3,0.873749038,0.31779661,0.961538462,75,131,1090,3,0.896843726,0.36407767,0.961538462,0,9,1212,78,0.933025404,0,0,1,1,1,2,1,2,1,24.87288136,37.5,49.78813559,7.457627119,4.45505171,58.53107345,2.555579603,1.468926554,37.19758065,12.65536723,5.974576271,53.26271186,54.62114904,42.3,38779,246000,,35.02824859,56.01694915,3.177966102,1.46366027,33.34745763,1.980126866,3.983050847,4.258963453,1.867413632,5.975723623,2618.076655,0.460245468,2,Moderate,0.460245468,Moderate,Long_floodpop_matrix
1.2103E+11,Block Group 2,359490,6342.308736,446091.1864,45,64,1039,807,852,7,2,427,166,0.720930233,0.777777778,0.040462428,4,13,416,169,0.697674419,0.235294118,0.023121387,173,44,385,0,0.926910299,0.797235023,1,138,34,395,35,0.88538206,0.802325581,0.797687861,3,4,2,4,3,1,4,55.27950311,58.54037267,43.47826087,0.931677019,7.317073171,46.41909814,1.552795031,42.97082228,22.01394351,11.21832316,3.260869565,44.56521739,51.87969925,62.4,57988,490400,1299,48.01061008,98.13664596,8.815537497,1.247079681,5.980325848,2.104187788,2.48447205,4.135338346,5.749250487,9.937888199,2716.156156,-1.129051339,1,Low,-1.129051339,Moderate,Long_floodpop_matrix
1.2103E+11,Block Group 2,346150,4212.405102,474729.1399,161,302,1573,262,506,11,16,513,77,0.849270665,0.407407407,0.125,32,18,511,56,0.88006483,0.64,0.363636364,86,207,322,2,0.661264182,0.293515358,0.977272727,35,19,510,53,0.883306321,0.648148148,0.397727273,4,1,1,3,2,1,2,80.65083553,60.68601583,64.73175022,4.769086905,10.04901961,27.10144928,2.55057168,11.15942029,24.06739412,7.246376812,6.596306069,35.88390501,66.48501362,72,43819,168300,1176,78.84057971,96.56992084,1.055408971,1.34145006,0.35180299,1.914897853,5.628847845,4.300414884,6.049959663,6.451612903,5162.79586,3.831655072,4,Very High,3.831655072,High,Long_floodpop_matrix
1.2103E+11,Block Group 2,849274,5871.214841,1106653.961,17,37,333,18,275,4,4,1175,158,0.879194631,0.5,0.024691358,8,9,1170,154,0.878448919,0.470588235,0.049382716,150,66,1113,12,0.941834452,0.694444444,0.925925926,12,6,1173,150,0.883668904,0.666666667,0.074074074,4,3,3,1,3,1,1,61.87554777,58.10692375,48.81682734,1.402278703,4.793028322,32.2775264,2.506774887,24.13273002,34.98896247,3.770739065,6.485539001,40.22787029,35.6979405,64.8,43300,,975,62.44343891,96.23137599,2.45398773,1.314636284,6.507767678,1.985481141,0.701139351,14.41647597,6.089385281,42.26804124,2021.928985,3.435727804,4,Very High,3.435727804,High,Long_floodpop_matrix
1.2103E+11,Block Group 1,1343230,17336.41394,1768114.83,191,341,2137,813,1780,58,31,1450,738,0.662274923,0.651685393,0.072864322,110,59,1422,686,0.672815108,0.650887574,0.138190955,796,163,1318,0,0.928414581,0.830031283,1,282,82,1399,514,0.738252086,0.774725275,0.354271357,3,3,2,1,2,1,1,56.74882629,46.12676056,50.7629108,2.9342723,10.42016807,44.65648855,3.990610329,6.234096692,49.63833635,10.81424936,5.692488263,34.91784038,36.82170543,62.3,64811,280400,1039,70.86513995,74.58920188,0.234741784,1.755768455,8.450704225,1.07403041,11.56103286,4.457364341,6.763042978,2,1515.557303,-1.055169527,1,Low,-1.055169527,Moderate,Shore_floodpop_matrix
1.2103E+11,Block Group 2,2210077,26577.46639,2927317.973,49,84,1626,1234,1099,14,7,3288,440,0.880768205,0.666666667,0.030837004,23,15,3280,431,0.881034943,0.605263158,0.050660793,454,317,2978,0,0.915444118,0.588845655,1,322,264,3031,132,0.894371832,0.549488055,0.709251101,2,1,2,1,1,3,3,37.1814093,43.62818591,51.27436282,6.296851574,3.327787022,73.19587629,2.950425172,5.154639175,20.62822778,4.639175258,7.766088191,45.05247376,46.39718805,46.2,98281,711500,,43.29896907,94.82758621,22.9395842,1.796829382,0.674662669,1.07403041,1.349325337,4.569420035,9.07079646,5.752212389,682.0493166,-4.025616696,0,Very Low,-4.025616696,Low,Shore_floodpop_matrix
1.2103E+11,Block Group 1,466469,3827.781408,631961.8034,383,1373,1798,1496,1627,84,7,288,381,0.489473684,0.923076923,0.180645161,344,18,277,121,0.817105263,0.950276243,0.739784946,465,39,256,0,0.948684211,0.922619048,1,405,32,263,60,0.878947368,0.926773455,0.870967742,4,4,3,1,4,3,4,31.46853147,63.17016317,55.4001554,4.895104895,7.300282826,30.99630996,2.945662626,35.79335793,24.3914689,13.79224918,9.945609946,45.14374514,45.43889845,44.8,50187,,1106,27.0602706,72.18337218,19.11421911,1.633553606,1.398601399,1.420999209,3.496503497,4.49540273,11.13537118,16.58649686,4514.066542,0.080675971,2,Moderate,0.080675971,Moderate,Shore_floodpop_matrix
1.2103E+11,Block Group 4,2187680,8700.152779,2920613.777,23,45,130,0,4,1,8,2693,0,0.99703923,0.111111111,1,1,14,2687,0,0.994818653,0.066666667,1,1,48,2653,0,0.982235381,0.020408163,1,0,0,2701,1,0.999629904,0,0,4,1,4,1,1,4,1,43.49680171,45.84221748,64.17910448,4.051172708,6.928890651,17.20930233,1.70575693,13.02325581,71.36563877,12.09302326,13.2196162,39.01918977,54.64480874,55.9,22804,,1083,52.09302326,80.81023454,3.624733475,1.551887766,6.665619228,1.713679527,17.91044776,4.542515272,30.25210084,18.48739496,254.5393096,-2.125155266,1,Low,-2.125155266,Low,Shore_floodpop_matrix
1.2103E+11,Block Group 2,581379,3521.954569,745973.9051,239,460,823,284,489,31,31,727,98,0.854565953,0.5,0.240310078,58,81,677,71,0.828635851,0.417266187,0.449612403,127,115,643,2,0.868094701,0.524793388,0.984496124,64,10,748,65,0.915445321,0.864864865,0.496124031,3,1,1,1,2,4,1,20.67039106,59.40409683,53.72439479,5.171979154,1.466992665,29.93730408,2.959480556,55.79937304,19.98981941,6.426332288,7.221980675,76.16387337,52.60545906,45.5,46422,261900,1262,18.33855799,84.91620112,4.189944134,1.575459005,6.859189217,1.317566861,24.48789572,2.481389578,2.992125984,15.7480315,2842.245166,0.504943099,3,High,0.504943099,Moderate,Shore_floodpop_matrix
1.2103E+11,Block Group 4,1123851,10560.07943,1566679.994,231,467,1721,1350,965,59,33,1499,346,0.804336603,0.641304348,0.145679012,130,65,1467,275,0.824470831,0.666666667,0.320987654,405,334,1198,0,0.827568405,0.548037889,1,322,263,1269,83,0.821373258,0.55042735,0.795061728,2,1,1,1,1,2,4,54.57822639,49.4592646,63.3741889,3.460706561,7.207938771,71.42857143,2.857043213,5.685131195,19.44795053,14.13757231,7.287805914,45.06128335,63.68,64.4,89327,477900,,59.62099125,91.4924297,6.488824802,1.649565649,7.064918877,1.354254666,2.162941601,2.72,3.282275711,3.719912473,1580.940691,-0.052249104,2,Moderate,-0.052249104,Moderate,Shore_floodpop_matrix
1.2103E+11,Block Group 4,7732651,71412.63628,9743921.412,3,6,92,75,84,2,0,6742,52,0.99234844,1,0.037037037,4,0,6742,50,0.992642731,1,0.074074074,54,5,6737,0,0.999264273,0.915254237,1,44,5,6737,10,0.997792819,0.897959184,0.814814815,4,4,4,1,3,4,4,16.49484536,55.15463918,55.15463918,5.271066515,1.923076923,34.26791277,0.859106529,52.3364486,7.402912621,0.934579439,7.130584192,58.07560137,43.89140271,44.3,54125,,1151,20.87227414,67.01030928,12.71477663,1.202749141,14.00343643,1.436609894,3.52233677,4.561553369,8.353221957,18.61575179,215.0338432,-1.342902856,1,Low,-1.342902856,Moderate,Shore_floodpop_matrix
1.2103E+11,Block Group 2,409743,3032.645924,520884.006,0,3,574,257,459,0,0,450,187,0.706436421,0,0,1,0,450,186,0.708006279,1,0.005347594,185,49,401,2,0.919937206,0.790598291,0.989304813,104,7,443,83,0.858712716,0.936936937,0.556149733,1,2,2,1,4,3,2,22.52663623,46.27092846,52.81582953,4.414003044,7.212461813,81.57894737,2.893026746,20.39473684,18.89691582,14.06801062,6.924235582,59.6651446,55.86734694,50.7,154437,1340300,,13.48684211,88.58447489,23.6347135,1.481698683,7.00152207,1.470964428,2.283105023,4.845012654,6.634896872,16.60900473,1921.596677,-3.316727431,0,Very Low,-3.316727431,Low,Shore_floodpop_matrix
1.2103E+11,Block Group 1,502920,4185.212506,644352.1515,0,0,284,117,181,0,0,705,85,0.892405063,0,0,0,0,705,85,0.892405063,0,0,84,35,670,1,0.95443038,0.705882353,0.988235294,53,2,703,32,0.956962025,0.963636364,0.623529412,2,2,3,1,4,4,2,36.9011213,46.99286442,50.254842,1.630988787,3.898635478,71.36659436,2.893115458,13.01518438,19.2581808,2.819956616,7.094952818,52.29357798,49.0872211,51.8,112133,858400,1153,41.64859002,92.76248726,0.407747197,1.488297877,2.956167176,0.815494393,1.121304791,4.825464783,4.020100503,16.43918223,2374.117542,-2.608277939,0,Very Low,-2.608277939,Low,Shore_floodpop_matrix
1.2103E+11,Block Group 1,686111,4926.676885,880257.7998,69,104,347,183,273,21,12,931,95,0.898961284,0.636363636,0.181034483,32,16,927,84,0.905571294,0.666666667,0.275862069,116,30,913,0,0.971671388,0.794520548,1,69,7,936,47,0.949008499,0.907894737,0.594827586,4,2,4,1,3,4,2,56.27769572,57.01624815,53.32348597,5.106935606,2.319587629,37.8238342,2.879192259,37.8238342,19.6405027,4.14507772,1.477104874,57.31166913,61.7414248,64.5,56958,312200,1122,49.22279793,85.37666174,22.07061378,1.483884501,6.618109279,1.482734496,11.96454948,2.110817942,5.6,6,1457.112624,-0.440671132,2,Moderate,-0.440671132,Moderate,Shore_floodpop_matrix
1.2103E+11,Block Group 2,605484,4506.986357,774993.1829,2,7,241,56,92,1,0,887,36,0.961038961,1,0.027027027,1,2,885,36,0.958874459,0.333333333,0.027027027,37,53,834,0,0.942640693,0.411111111,1,15,5,882,22,0.970779221,0.75,0.405405405,4,1,3,1,1,4,1,43.36283186,56.56342183,56.56342183,2.654867257,2.097902098,33.5071708,2.875294055,57.36636245,1.101321586,7.170795306,2.212389381,42.18289086,53.23741007,45.5,44840,380800,1461,52.54237288,89.89675516,5.309734513,1.474926254,6.593426105,1.484873305,10.39823009,4.795373919,2.597402597,1.818181818,3280.899225,0.72758591,3,High,0.72758591,Moderate,Shore_floodpop_matrix
1.2103E+11,Block Group 1,1112001,12528.59533,1367601.991,85,152,1628,1151,1478,35,1,1064,681,0.617069062,0.972222222,0.048882682,69,3,1062,647,0.635036496,0.958333333,0.096368715,716,91,974,0,0.948905109,0.887236679,1,518,63,1002,198,0.853453116,0.891566265,0.723463687,1,3,3,1,3,3,4,37.79128673,49.13880446,52.58358663,2.938196555,2.317290553,83.91752577,1.013171226,20.20618557,18.93228329,2.06185567,0.810536981,56.83890578,56.93430657,54.2,147884,1048300,2333,30.92783505,94.12360689,2.228976697,1.496988469,6.539805052,1.473710831,4.660587639,6.204379562,6.657147599,16.58912988,1129.631409,-4.204346718,0,Very Low,-4.204346718,Low,Shore_floodpop_matrix
1.2103E+11,Block Group 1,940216,9391.758944,1180752.035,15,173,1932,1414,1582,8,2,670,802,0.457489879,0.8,0.009876543,94,9,663,716,0.510796221,0.912621359,0.116049383,810,183,489,0,0.876518219,0.81570997,1,585,140,532,225,0.753711201,0.806896552,0.722222222,1,3,1,1,2,1,3,18.14865481,48.74601003,52.34838121,6.74874601,2.719665272,79.32647334,2.913216217,5.799812909,18.85525235,6.267539757,0.547195622,65.38987688,52.47311828,44.3,106057,624100,2569,18.89616464,87.27770178,23.80772886,1.504554111,1.322389421,1.48042118,9.02872777,1.290322581,6.658679815,3.234501348,2944.762447,-5.75988035,0,Very Low,-5.75988035,Very Low,Shore_floodpop_matrix
1.2103E+11,Block Group 2,660873,4387.321179,846937.252,365,732,1693,1226,1658,143,0,292,569,0.433266932,1,0.200842697,301,2,290,411,0.588645418,0.99339934,0.422752809,712,13,279,0,0.987051793,0.982068966,1,520,9,283,192,0.799800797,0.982986767,0.730337079,2,4,4,1,4,1,4,13.31189711,36.8488746,44.75884244,10.8681672,7.16176177,55.32286213,2.882264224,22.86212914,18.89200936,10.12216405,4.758842444,61.92926045,47.55970924,31,41343,296100,,19.37172775,69.06752412,28.61736334,1.507680994,6.647427199,1.470788527,2.636655949,4.831556957,6.619726276,15.38461538,2245.622811,-2.329923859,1,Low,-2.329923859,Low,Shore_floodpop_matrix
1.2103E+11,Block Group 1,842553,11601.95772,1050527.61,274,561,2243,1605,2086,54,15,841,505,0.632508834,0.782608696,0.096601073,122,18,838,437,0.67844523,0.871428571,0.218246869,559,55,801,0,0.961130742,0.910423453,1,400,32,824,159,0.865017668,0.925925926,0.715563506,1,3,4,1,3,3,3,26.91500525,42.44491081,55.40398741,8.027282267,7.462322396,66.50185414,2.87423601,24.72187886,19.52570688,9.147095179,7.241929726,46.06505771,60.93394077,42.9,82806,510800,1489,28.1829419,93.23189927,0.839454355,1.543748172,0.996852046,1.485327945,7.082896118,3.530751708,6.541158991,10.08902077,2486.86088,-1.25443805,1,Low,-1.25443805,Moderate,Shore_floodpop_matrix
1.2103E+11,Block Group 2,1761520,20919.14555,2493316.895,162,427,2446,1764,1922,42,38,2248,837,0.723538705,0.525,0.04778157,126,73,2213,753,0.739020537,0.633165829,0.14334471,879,254,2032,0,0.919747235,0.775816417,1,643,184,2102,236,0.867298578,0.777509069,0.731513083,1,2,2,1,2,3,4,27.58235623,41.15019542,46.90117253,1.842546064,7.373512655,87.24559023,2.873848192,2.170963365,19.46625877,14.06347497,7.336297066,53.60134003,40.625,46.7,79921,569000,,25.23744912,91.28978224,23.43151678,1.531068647,0.781686209,1.488409237,2.959240648,1.5625,2.096177559,6.658446363,1083.627724,-4.558019623,0,Very Low,-4.558019623,Very Low,Shore_floodpop_matrix
1.2103E+11,Block Group 1,785432,9212.664721,1052844.18,297,629,2086,1458,1852,88,8,767,493,0.630530973,0.916666667,0.151462995,191,18,757,390,0.699115044,0.913875598,0.328743546,581,83,692,0,0.93879056,0.875,1,414,45,730,167,0.843657817,0.901960784,0.712564544,1,3,2,1,3,2,3,27.81456954,35.23178808,54.63576159,2.185430464,1.077844311,65.41353383,1.390728477,7.518796992,7.098765432,10.52631579,2.052980132,55.29801325,49.27360775,40.3,56846,419400,2065,24.06015038,83.77483444,4.370860927,1.528398702,3.509933775,1.481668836,16.88741722,4.237288136,6.67126352,3.432137285,1754.297479,-4.029698442,0,Very Low,-4.029698442,Low,Shore_floodpop_matrix
1.2103E+11,Block Group 2,789622,8295.489073,995870.3341,447,832,1804,1164,1761,129,2,649,489,0.613081166,0.984732824,0.208737864,260,4,647,358,0.714736013,0.984848485,0.420711974,618,19,632,0,0.985027581,0.970172684,1,408,7,644,210,0.828999212,0.98313253,0.660194175,1,4,4,1,4,2,2,14.48575567,35.63495896,46.64413327,5.311443747,1.683501684,72.899729,2.937458342,5.420054201,0.768245839,8.265582656,7.099154725,57.36359247,42.12328767,39.2,79039,634100,2188,16.39566396,93.48140995,24.99792652,1.520470279,3.621438918,1.477935341,6.22887494,2.568493151,6.667846966,7.847082495,2420.679656,-4.962609473,0,Very Low,-4.962609473,Very Low,Shore_floodpop_matrix
1.2103E+11,Block Group 3,743703,4130.738529,970832.1565,364,709,1199,267,829,91,41,819,221,0.776450512,0.689393939,0.291666667,190,78,782,122,0.829351536,0.708955224,0.608974359,312,185,675,0,0.842150171,0.6277666,1,87,24,836,225,0.787542662,0.783783784,0.278846154,3,2,1,1,2,1,1,33.90438247,43.26693227,52.11155378,5.378486056,5.081157375,53.95948435,1.314741036,38.12154696,19.07090465,8.563535912,4.900398406,56.45418327,54.20074349,47.6,58392,350000,1448,33.60957643,70.07968127,9.243027888,0.239043825,14.74103586,1.502933255,12.90836653,6.542750929,6.551476884,4.709748083,3782.078078,-1.557052536,1,Low,-1.557052536,Low,Shore_floodpop_matrix
1.2103E+11,Block Group 1,612135,3624.10066,823867.1178,526,988,1619,871,1231,171,36,469,288,0.663900415,0.826086957,0.37254902,324,52,453,135,0.806016598,0.861702128,0.705882353,459,136,369,0,0.858921162,0.771428571,1,281,49,456,178,0.764522822,0.851515152,0.612200436,2,2,1,1,2,1,2,14.8547329,32.14620431,46.34489222,8.62230553,10.18641811,64.72303207,2.952968069,8.89212828,21.76112709,11.80758017,17.71321462,70.38425492,49.96293551,29.6,33421,231300,892,22.303207,60.16869728,4.170571696,1.504299511,9.746954077,1.593494135,18.41611996,0.889547813,8.3172147,7.253384913,2902.532573,-1.294228486,1,Low,-1.294228486,Moderate,Shore_floodpop_matrix
1.2103E+11,Block Group 2,603149,3606.067475,805503.775,331,500,1240,206,559,90,35,689,119,0.83494105,0.72,0.43062201,137,52,672,72,0.867095391,0.724867725,0.655502392,209,274,450,0,0.706323687,0.432712215,1,58,2,722,151,0.836012862,0.966666667,0.277511962,2,1,1,1,4,2,1,23.80952381,36.72316384,49.39467312,11.70298628,7.15841343,37.8021978,2.259887006,12.74725275,21.26034144,14.06593407,9.120258273,46.81194512,47.06896552,35.7,26846,271500,1704,26.37362637,79.33817595,1.694915254,1.509476999,6.698950767,1.584679091,6.295399516,4.584051564,2.02247191,17.75280899,1953.830941,0.806211265,3,High,0.806211265,Moderate,Shore_floodpop_matrix
1.2103E+11,Block Group 1,525324,4411.243765,687027.8854,365,596,1075,8,444,74,43,672,71,0.86744186,0.632478632,0.510344828,104,81,634,41,0.858139535,0.562162162,0.717241379,145,189,526,0,0.780232558,0.434131737,1,2,0,715,143,0.83372093,1,0.013793103,3,1,1,1,4,2,1,29.60352423,35.85903084,49.86784141,2.81938326,13.08724832,39.8034398,1.938325991,5.15970516,21.85910182,6.87960688,10.22026432,52.51101322,49.03474903,51.1,24819,251400,,51.84275184,75.68281938,7.665198238,1.498287845,8.72246696,1.592618582,6.784140969,4.570443373,4.153354633,15.01597444,2006.630297,0.301780459,2,Moderate,0.301780459,Moderate,Shore_floodpop_matrix
1.2103E+11,Block Group 2,963064,5204.949383,1248132.086,230,409,641,0,380,68,16,1325,76,0.938047138,0.80952381,0.472222222,89,54,1287,55,0.926599327,0.622377622,0.618055556,142,92,1249,2,0.936700337,0.606837607,0.986111111,0,0,1341,144,0.903030303,0,0,1,2,2,1,1,4,1,24.14698163,33.85826772,48.18897638,5.721784777,3.073624017,75.34883721,1.102362205,13.79844961,21.77319651,12.40310078,8.713910761,73.43832021,45.28023599,36.7,44821,305100,1763,21.86046512,74.59317585,11.9160105,1.494203626,6.089238845,1.600932713,5.144356955,0.589970501,1.081081081,30.54054054,1734.621656,-2.038813581,1,Low,-2.038813581,Low,Shore_floodpop_matrix
1.2103E+11,Block Group 1,640952,3647.614751,837084.1147,374,693,1110,768,879,107,11,650,223,0.763874874,0.906779661,0.324242424,211,21,640,119,0.858728557,0.909482759,0.639393939,330,58,603,0,0.941473259,0.850515464,1,222,48,613,108,0.842583249,0.822222222,0.672727273,2,3,3,1,2,2,3,28.9648623,38.84140551,43.3048433,4.368471035,8.500772798,51.83374083,2.930946207,40.58679707,20.55631354,13.73850768,5.603038936,61.44349478,31.08108108,37.6,41445,287000,1388,33.25183374,93.0674264,2.564102564,1.521517819,6.957483767,1.538294023,4.463437797,0.675675676,6.530538987,6.889352818,1652.715116,-4.238150741,0,Very Low,-4.238150741,Low,Shore_floodpop_matrix
1.2103E+11,Block Group 2,632904,3654.892263,817637.2941,267,1144,1976,1101,1840,100,2,393,497,0.496975806,0.980392157,0.167504188,379,9,386,218,0.771169355,0.976804124,0.634840871,597,45,350,0,0.954637097,0.929906542,1,339,41,354,258,0.69858871,0.892105263,0.567839196,3,4,3,1,3,1,2,33.97333333,50.29333333,40.53333333,5.386666667,1.032258065,25.55673383,5.653333333,33.08589608,34.34256055,9.8621421,4.96,41.33333333,43.15514993,55.9,25409,195200,1092,39.23647932,82.08,7.946666667,1.524488366,3.626666667,1.543961901,10.08,4.613259761,10.59063136,8.553971487,3858.993532,-1.328269143,1,Low,-1.328269143,Moderate,Shore_floodpop_matrix
1.2103E+11,Block Group 3,620379,3667.158057,796216.277,1085,1287,1613,962,1430,268,8,559,114,0.871443625,0.971014493,0.701570681,323,12,555,59,0.925184405,0.964179104,0.845549738,382,54,513,0,0.943097998,0.876146789,1,223,18,549,159,0.813487882,0.925311203,0.583769634,2,3,3,1,3,2,2,23.76847291,36.76108374,43.28817734,3.633004926,8.626198083,54.60636516,2.939979551,36.34840871,20.54682779,9.045226131,8.743842365,57.82019704,42.45283019,32.3,37814,239800,1353,27.80569514,79.18719212,1.84729064,1.522035509,2.586206897,1.519327125,21.85960591,4.646989218,2.010050251,12.73031826,2492.39827,-0.846214604,2,Moderate,-0.846214604,Moderate,Shore_floodpop_matrix
1.2103E+11,Block Group 3,651715,3648.232887,836433.1365,96,225,470,0,235,41,0,902,61,0.939243028,1,0.401960784,75,24,878,27,0.949203187,0.757575758,0.735294118,102,113,789,0,0.887450199,0.474418605,1,0,0,902,102,0.898406375,0,0,2,1,2,1,1,3,1,15.37958115,30.89005236,66.23036649,14.65968586,7.17833948,57.20338983,1.178010471,44.06779661,20.59366195,31.77966102,0.523560209,57.98429319,60.496614,31.4,42555,270000,1750,25.84745763,54.90837696,17.47382199,1.511311937,6.744259363,1.57371831,10.20942408,1.467268623,6.482885354,14.57219251,1875.79114,-0.409474234,2,Moderate,-0.409474234,Moderate,Shore_floodpop_matrix
1.2103E+11,Block Group 1,937558,6805.807405,1282482.953,140,264,12,0,8,1,49,1236,1,0.961149961,0.02,0.5,1,86,1199,1,0.932400932,0.011494253,0.5,1,2,1283,1,0.997668998,0.333333333,0.5,0,0,1285,2,0.998445998,0,0,3,1,4,1,1,4,1,16.41967991,34.55838767,51.21517487,6.579727327,3.959131545,42.02401372,2.904564315,38.76500858,6.763285024,17.49571184,13.98933017,46.41375222,47.20744681,37.2,27617,219500,1149,23.15608919,65.56016598,3.793716657,1.485597836,7.528156491,1.629936428,24.00711322,3.856382979,1.405975395,27.94376098,1610.536639,3.082992926,4,Very High,3.082992926,High,Shore_floodpop_matrix
1.2103E+11,Block Group 3,155564,1779.04826,199627.0634,380,650,786,741,742,80,3,77,79,0.656903766,0.963855422,0.503144654,135,4,76,24,0.882845188,0.971223022,0.849056604,159,10,70,0,0.958158996,0.940828402,1,146,10,70,13,0.90376569,0.935897436,0.918238994,4,4,3,1,4,4,4,100,79.73509934,52.71523179,5.290181842,12.72727273,18.93687708,2.889324911,12.62458472,19.1444463,14.19441117,5.960264901,21.85430464,69.44444444,79.4,49847,129000,1173,87.7076412,100,23.00336842,1.562167799,6.990600741,1.415593208,1.854304636,4.777336944,6.770366171,16.5471385,10022.76593,6.755893044,4,Very High,6.755893044,Very High,Shore_floodpop_matrix
1.2103E+11,Block Group 3,565227,17629.65214,729636.002,71,88,1305,730,800,13,11,918,259,0.775187344,0.541666667,0.047794118,14,17,912,258,0.771024147,0.451612903,0.051470588,272,185,744,0,0.845961699,0.595185996,1,172,83,846,100,0.847626978,0.674509804,0.632352941,1,2,1,1,1,3,2,27.03517588,39.69849246,47.33668342,1.407035176,7.526112251,81.51898734,1.206030151,36.33423908,19.55581314,7.341772152,7.164106992,46.13065327,49.23747277,50.3,114591,884800,,30.12658228,97.18592965,24.27364309,1.560123393,1.206030151,1.430191688,3.51758794,3.48583878,6.579650423,16.63357173,1809.982579,-3.766235908,0,Very Low,-3.766235908,Low,Shore_floodpop_matrix
1.2103E+11,Block Group 1,794266,4038.070066,1019796.993,52,716,2189,1781,1993,33,2,662,519,0.571546053,0.942857143,0.059782609,229,6,658,323,0.729440789,0.974468085,0.414855072,552,50,614,0,0.958881579,0.916943522,1,380,51,613,172,0.816611842,0.881670534,0.688405797,4,4,4,1,3,2,3,22.71234162,50.39887377,60.62881276,2.064758329,1.565074135,14.7113594,4.22336931,68.43575419,3.174603175,15.92178771,9.197559831,56.96855936,56.15062762,30.7,26044,218000,1375,18.34264432,65.69685594,15.29798217,0.375410605,1.07930549,1.512732453,10.65227593,4.539728298,6.440347697,18.43043995,3502.180355,0.569324567,3,High,0.569324567,Moderate,Shore_floodpop_matrix
1.2103E+11,Block Group 2,1107132,4957.634155,1453813.002,129,356,1611,1144,1552,36,0,418,442,0.506696429,1,0.075313808,107,3,415,371,0.582589286,0.972727273,0.223849372,478,43,375,0,0.952008929,0.917466411,1,322,39,379,156,0.782366071,0.891966759,0.673640167,3,4,3,1,3,1,3,10.10976314,42.11438475,58.463316,2.83073368,4.980842912,24.27983539,2.310803004,63.23731139,5.837563452,22.08504801,13.40265742,60.31195841,55.12295082,41.3,33493,239000,1226,16.59807956,67.82206817,6.412478336,1.558004659,4.737146158,1.528139082,18.83304448,4.570434577,3.287671233,14.38356164,1705.408107,1.811517147,3,High,1.811517147,High,Shore_floodpop_matrix
1.2103E+11,Block Group 2,633885,3721.135763,871034.8669,155,267,879,109,408,24,27,799,179,0.799805637,0.470588235,0.118226601,77,34,792,126,0.844509232,0.693693694,0.379310345,202,196,630,1,0.808551992,0.507537688,0.995073892,32,7,819,171,0.827016521,0.820512821,0.157635468,4,1,1,1,2,2,1,82.96041308,64.37177281,53.52839931,5.271006916,11.5727003,35.96256684,2.581755594,15.90909091,80.83538084,6.016042781,2.839931153,29.00172117,53.02013423,72.9,42052,54900,1122,76.60427807,98.36488812,19.23331429,1.529460987,6.870597847,1.597308428,10.85242469,13.75838926,6.382791457,16.55770465,3056.267205,3.675127514,4,Very High,3.675127514,High,Shore_floodpop_matrix
1.2103E+11,Block Group 3,955894,6523.288733,1270964.593,313,611,1286,834,686,59,26,1079,129,0.880123743,0.694117647,0.313829787,104,46,1059,84,0.899458623,0.693333333,0.553191489,188,188,917,0,0.854601701,0.5,1,148,59,1046,40,0.923433875,0.714975845,0.787234043,4,1,1,1,1,4,4,23.67601246,47.42990654,60.66978193,5.607476636,6.97828693,33.82594417,2.492211838,25.45155993,22.86533341,11.49425287,2.570093458,51.32398754,51.59332322,30.4,47483,526600,1011,39.408867,86.21495327,5.062305296,1.527656214,1.713395639,1.59266139,8.255451713,4.478213914,6.296145373,17.65957447,1650.090467,-0.344933764,2,Moderate,-0.344933764,Moderate,Shore_floodpop_matrix
1.2103E+11,Block Group 4,380487,2964.005918,513613.1653,452,825,1176,844,984,100,11,329,181,0.690821256,0.900900901,0.355871886,210,23,317,71,0.84863124,0.901287554,0.747330961,281,71,269,0,0.885668277,0.798295455,1,185,58,282,96,0.752012882,0.761316872,0.658362989,3,2,2,1,2,1,2,18.70196413,39.36806149,58.15542272,2.647309991,7.294084259,36.87635575,1.793339026,30.15184382,22.69009511,28.19956616,7.841127441,64.98719044,52.69382392,28.5,30911,246000,1172,38.82863341,81.89581554,2.818104184,1.531842598,7.090876581,1.566553914,6.319385141,4.500956104,6.343303487,10.23965142,3138.060417,-0.752703845,2,Moderate,-0.752703845,Moderate,Shore_floodpop_matrix
1.2103E+11,Block Group 2,378821,3079.70043,479807.094,22,89,929,634,897,6,2,225,360,0.389544688,0.75,0.016393443,29,3,224,337,0.426644182,0.90625,0.079234973,366,19,208,0,0.967959528,0.950649351,1,247,16,211,119,0.772344013,0.939163498,0.674863388,3,4,4,1,4,1,3,37.2027972,50.20979021,40.6993007,3.636363636,2.78551532,34.54038997,2.92375534,18.94150418,19.99422201,4.735376045,7.921239726,50.20979021,51.57593123,56.6,38527,224800,1712,49.5821727,88.67132867,20.93451209,1.58550659,6.153846154,1.483408624,19.44055944,4.561672135,10,23.5483871,2454.486234,-0.211491822,2,Moderate,-0.211491822,Moderate,Shore_floodpop_matrix
1.2103E+11,Block Group 2,1481156,12924.3026,1952965.817,149,191,2285,1684,1970,54,11,1643,698,0.705320033,0.830769231,0.071808511,74,19,1635,678,0.710307564,0.795698925,0.098404255,752,120,1534,0,0.950124688,0.862385321,1,558,74,1580,194,0.888611804,0.882911392,0.742021277,1,3,3,1,3,3,4,25.09578544,43.19923372,58.9559387,6.034482759,2.466960352,69.29046563,2.90277491,28.8248337,18.67033329,5.432372506,1.436781609,54.35823755,48.23848238,54,106165,994500,1672,27.16186253,89.36781609,2.969348659,1.533473987,2.059386973,1.41204903,5.890804598,1.89701897,6.656880452,4.397394137,1577.269603,-4.339188014,0,Very Low,-4.339188014,Low,Shore_floodpop_matrix
1.2103E+11,Block Group 1,714149,4306.54125,923524.2588,87,603,1645,1202,1625,33,4,474,591,0.460072595,0.891891892,0.052884615,228,4,474,396,0.637023593,0.982758621,0.365384615,624,17,461,0,0.984573503,0.973478939,1,442,13,465,182,0.823049002,0.971428571,0.708333333,2,4,4,1,4,2,3,17.69115442,39.88005997,50.29985007,2.473763118,8.250355619,54.88721805,2.323838081,23.68421053,20.18704199,16.91729323,6.971514243,52.69865067,56.43410853,32.2,37016,276300,2128,24.2481203,70.68965517,7.496251874,1.58758286,5.697151424,1.405718807,14.76761619,2.015503876,4.068522484,5.781584582,1929.403217,-2.211875511,1,Low,-2.211875511,Low,Shore_floodpop_matrix
1.2103E+11,Block Group 2,338863,2991.681575,435022.9067,74,290,2505,1877,2137,7,4,272,254,0.519553073,0.636363636,0.026819923,30,8,268,231,0.554934823,0.789473684,0.114942529,261,45,231,0,0.916201117,0.852941176,1,178,37,239,83,0.776536313,0.827906977,0.681992337,4,3,2,1,2,1,3,14.43708609,52.78145695,61.19205298,9.470198675,5.207328833,19.07151819,7.682119205,93.35006274,20.62140229,22.33375157,9.536423841,68.67549669,56.46186441,30.3,29497,438400,1221,15.43287327,73.24503311,15.43046358,1.580102359,7.105672825,1.427394727,20.39735099,4.570259444,6.570493695,19.18604651,6091.641944,3.671998115,4,Very High,3.671998115,High,Shore_floodpop_matrix
1.2103E+11,Block Group 3,624433,4563.759932,831186.8652,137,231,1389,832,1103,45,4,563,380,0.612903226,0.918367347,0.105882353,74,6,561,351,0.640120968,0.925,0.174117647,424,98,469,1,0.900201613,0.812260536,0.997647059,259,75,492,166,0.757056452,0.775449102,0.609411765,3,3,2,1,2,1,2,18.05441055,45.67188788,48.30997527,12.0362737,3.506097561,53.06859206,2.96784831,44.22382671,20.65075075,8.122743682,3.627370157,54.08079143,42.81200632,35.8,75734,322900,1248,21.4801444,66.77658697,8.90354493,6.347897774,2.473206925,1.406744233,23.82522671,4.705544011,4.166666667,4.166666667,2297.862917,2.544137386,4,Very High,2.544137386,High,Shore_floodpop_matrix
1.2103E+11,Block Group 3,723814,12897.12952,927470.3379,43,90,1074,854,1035,12,10,380,380,0.501278772,0.545454545,0.030612245,29,11,379,363,0.52173913,0.725,0.073979592,392,17,373,0,0.97826087,0.958435208,1,310,7,383,82,0.886189258,0.977917981,0.790816327,2,4,4,1,4,3,4,20.92013889,47.30902778,48.17708333,4.166666667,5.812220566,67.33944954,0.694444444,12.29357798,20.76501342,1.467889908,3.038194444,58.24652778,44.30379747,49.2,72728,497600,860,30.27522936,85.85069444,16.9327151,3.90625,7.309961505,1.48284772,15.19097222,1.898734177,15.42750929,6.133828996,1950.157653,-3.489542433,0,Very Low,-3.489542433,Low,Shore_floodpop_matrix
1.2103E+11,Block Group 1,369367,3193.493547,474085.0136,0,1,379,211,221,2,0,533,67,0.888704319,1,0.028985507,6,0,533,63,0.895348837,1,0.086956522,67,46,487,2,0.920265781,0.592920354,0.971014493,58,42,491,11,0.911960133,0.58,0.84057971,4,2,2,1,1,4,4,90.27522936,63.66972477,58.16513761,5.236253055,7.262349649,35.15850144,2.917843503,57.34870317,18.13326349,14.09365406,5.871559633,22.75229358,33.87096774,78.1,57585,404200,1847,77.52161383,90.4587156,24.10679205,1.492699302,1.28440367,1.331010899,6.972477064,4.936066153,6.735559421,16.6548519,2433.165114,2.249571696,3,High,2.249571696,High,Shore_floodpop_matrix
1.2103E+11,Block Group 1,704369,4372.280708,988030.6896,156,460,1018,674,716,44,25,829,296,0.731155779,0.637681159,0.129411765,158,46,808,182,0.809045226,0.774509804,0.464705882,340,170,684,0,0.857621441,0.666666667,1,226,106,748,114,0.815745394,0.680722892,0.664705882,1,2,1,1,1,2,2,26.25937835,42.55091104,46.73097535,0.857449089,3.435804702,80.10075567,1.071811361,8.564231738,20.08007457,14.0541087,7.999551241,59.27116827,37.2659176,48.6,92043,542600,2425,25.69269521,89.06752412,4.394426581,1.596291109,1.92926045,1.420278415,2.786709539,4.608491988,6.453589068,16.86557837,1459.790292,-5.126518292,0,Very Low,-5.126518292,Very Low,Shore_floodpop_matrix
1.2103E+11,0.218262,1180332,11392.43209,1495602.66,85,153,748,525,437,11,0,1648,243,0.872239748,1,0.043307087,32,0,1648,222,0.883280757,1,0.125984252,253,71,1577,1,0.96214511,0.780864198,0.996062992,219,80,1568,35,0.939537329,0.732441472,0.862204724,3,4,4,2,2,4,4,3.578663065,23.97029034,55.57056043,5.166041599,6.639427988,65.07042254,2.849224899,28.16901408,18.37162813,13.92043728,3.038487508,66.10398379,57.75656325,30.6,21955,191900,946,12.3943662,74.07157326,13.43686698,0.405131668,2.093180284,1.10438508,9.385550304,2.625298329,6.701685425,41.53543307,778.9765248,-2.138878555,1,Low,-2.138878555,Low,StPt_floodpop_matrix
1.2103E+11,-5.014382,409743,3032.645924,520884.006,0,0,141,80,6,0,0,249,4,0.984189723,0,0,0,0,249,4,0.984189723,0,0,4,47,202,0,0.814229249,0.078431373,1,3,30,219,1,0.877470356,0.090909091,0.75,1,1,1,2,1,1,3,22.52663623,46.27092846,52.81582953,4.414003044,7.212461813,81.57894737,2.893026746,20.39473684,18.89691582,14.06801062,6.924235582,59.6651446,55.86734694,50.7,154437,1340300,,13.48684211,88.58447489,23.6347135,1.481698683,7.00152207,1.470964428,2.283105023,4.845012654,6.634896872,16.60900473,1921.596677,-3.316727431,0,Very Low,-3.316727431,Low,StPt_floodpop_matrix
1.2103E+11,2.62012,321677,2726.608711,412250.0509,87,395,997,530,839,16,0,350,160,0.69581749,1,0.090909091,82,3,347,94,0.815589354,0.964705882,0.465909091,176,33,317,0,0.937262357,0.842105263,1,111,7,343,65,0.863117871,0.940677966,0.630681818,4,4,2,2,4,1,3,21.51088348,35.59539052,45.83866837,7.938540333,41.26984127,12.58992806,9.731113956,48.92086331,18.40428436,45.32374101,7.42637644,40.33290653,63.78378378,27.3,21879,110300,975,13.66906475,8.322663252,88.98847631,1.439498034,6.108823633,1.462848439,9.287053913,4.951475436,12.20930233,29.06976744,2238.334478,3.833116867,4,Very High,3.833116867,High,StPt_floodpop_matrix
1.2103E+11,0.483763,322278,2571.793817,412971.3767,0,78,194,20,185,0,0,221,53,0.806569343,0,0,12,0,221,41,0.850364964,1,0.226415094,53,8,213,0,0.97080292,0.868852459,1,5,2,219,48,0.817518248,0.714285714,0.094339623,4,4,4,2,2,1,1,32.62032086,40.99821747,50.08912656,3.565062389,3.765690377,34.7826087,6.773618538,12.60869565,61.05072464,14.34782609,8.734402852,42.60249554,43.47826087,45.6,22499,161000,,16.95652174,51.87165775,46.88057041,1.437098087,1.247771836,1.465624912,9.173817462,4.938529256,15.625,16.58805163,1848.406021,-2.912292039,0,Very Low,-2.912292039,Low,StPt_floodpop_matrix
1.2103E+11,-2.887668,534594,6714.742902,658631.8859,2,2,534,342,306,1,0,721,164,0.81489842,1,0.006060606,12,2,719,153,0.825056433,0.857142857,0.072727273,163,108,613,2,0.875846501,0.601476015,0.987878788,116,64,657,49,0.872460497,0.644444444,0.703030303,1,2,1,1,1,1,3,41.12256586,36.3115693,38.25887743,5.154639175,1.115241636,73.50157729,2.895706063,8.832807571,18.67393327,2.839116719,6.574567677,61.62657503,28.27324478,36.8,75211,468500,2786,46.68769716,46.73539519,38.94616266,1.455722773,6.758304696,1.462237786,2.863688431,18.02656546,6.631068935,5.405405405,1535.802536,-3.798628208,0,Very Low,-3.798628208,Low,StPt_floodpop_matrix
1.2103E+11,0.193258,509133,5319.08525,652950.8159,45,159,593,288,438,18,2,720,104,0.874407583,0.9,0.147540984,59,6,716,63,0.918246445,0.907692308,0.483606557,120,36,686,2,0.954976303,0.769230769,0.983606557,74,16,706,48,0.924170616,0.822222222,0.606557377,3,3,3,1,3,3,2,31.711146,46.78178964,48.50863422,2.354788069,9.736842105,46.6442953,4.395604396,19.79865772,18.70422796,12.41610738,6.750392465,59.65463108,35.27696793,46.2,39734,314100,982,35.90604027,74.41130298,14.59968603,1.454117857,2.668759812,1.470905599,9.285175307,4.373177843,10.66176471,12.86764706,1515.951179,-2.742634939,0,Very Low,-2.742634939,Low,StPt_floodpop_matrix
1.2103E+11,0.415177,306016,2975.995603,392265.9958,77,246,623,289,486,27,1,387,86,0.826347305,0.964285714,0.238938053,82,3,385,31,0.932135729,0.964705882,0.725663717,113,37,351,0,0.926147705,0.753333333,1,69,12,376,44,0.888223553,0.851851852,0.610619469,4,3,2,2,3,2,2,7.860262009,30.34934498,52.07423581,7.751091703,8.635097493,14.38848921,5.240174672,41.00719424,18.83659924,13.92484826,2.838427948,39.19213974,62.19512195,16.8,15726,192100,1410,14.38848921,24.01746725,75.98253275,1.460877365,6.239003018,1.477974139,0.655021834,4.888948574,6.711409396,14.76510067,2352.885862,0.159294309,2,Moderate,0.159294309,Moderate,StPt_floodpop_matrix
1.2103E+11,0.190754,447303,3688.477258,573333.8936,0,34,532,173,278,0,0,663,38,0.945791726,0,0,4,0,663,34,0.95149786,1,0.105263158,38,50,613,0,0.928673324,0.431818182,1,23,3,660,15,0.974322397,0.884615385,0.605263158,3,1,2,2,4,4,1,27.75405636,39.0264731,60.63193851,17.25021349,19.39501779,37.41794311,3.074295474,38.94967177,18.83075068,9.846827133,13.40734415,47.99316823,53.64238411,36.8,36146,257400,1038,43.10722101,41.24679761,52.51921435,1.459501358,6.249674588,1.47958891,4.099060632,4.888804149,8.945686901,12.4600639,2646.150783,2.909092931,4,Very High,2.909092931,High,StPt_floodpop_matrix
1.2103E+11,-0.330628,508127,3972.611296,672011.4834,172,307,757,439,593,31,1,673,98,0.876712329,0.96875,0.240310078,47,3,671,82,0.894146949,0.94,0.364341085,128,25,649,1,0.96762142,0.836601307,0.992248062,79,7,667,50,0.929016189,0.918604651,0.612403101,2,4,4,2,4,3,2,10.40540541,36.35135135,42.2972973,2.027027027,7.197054706,23.79182156,4.594594595,79.92565056,18.59252988,24.9070632,11.48648649,42.02702703,43.40836013,38.2,20204,156000,978,18.21561338,23.78378378,43.10810811,1.451670591,25.94594595,1.472306793,2.432432432,4.935337408,6.631235605,27.11111111,1371.134966,1.691963691,3,High,1.691963691,High,StPt_floodpop_matrix
1.2103E+11,-0.79012,597109,4068.345365,763955.4686,12,105,171,29,90,5,0,395,36,0.917431193,1,0.12195122,36,15,380,5,0.95412844,0.705882353,0.87804878,41,38,357,0,0.912844037,0.518987342,1,8,3,392,33,0.917431193,0.727272727,0.195121951,2,2,1,2,2,3,1,13.58355675,28.68632708,34.67381591,5.193601963,9.090909091,66.97819315,2.934333328,21.4953271,18.96102335,22.42990654,7.059874888,40.30384272,40,29.5,23325,220000,,40.18691589,7.149240393,91.68900804,1.440250401,6.11967999,1.484935047,9.409727938,4.860099643,6.580817326,19.93127148,1392.360241,-2.069728788,1,Low,-2.069728788,Low,StPt_floodpop_matrix
1.2103E+11,-0.857534,501202,4149.80646,636361.6448,24,375,501,99,363,11,1,661,106,0.862644416,0.916666667,0.094017094,95,12,650,22,0.9563543,0.887850467,0.811965812,117,43,619,0,0.944801027,0.73125,1,31,1,661,86,0.888318357,0.96875,0.264957265,1,3,3,2,4,2,1,16.96658098,31.10539846,62.85347044,8.740359897,5.122494432,50,1.606683805,22.9338843,18.70293018,31.19834711,2.506426735,57.71208226,63.49765258,38.4,25975,192800,1375,37.19008264,20.05141388,78.59897172,1.44442812,6.070661767,1.478700055,2.442159383,4.889453816,1.219512195,4.87804878,2501.109839,0.273494892,2,Moderate,0.273494892,Moderate,StPt_floodpop_matrix
1.2103E+11,2.698059,369367,3193.493547,474085.0136,2,3,333,218,48,3,0,560,39,0.935215947,1,0.071428571,7,4,556,35,0.935215947,0.636363636,0.166666667,40,60,500,2,0.897009967,0.4,0.952380952,37,56,504,5,0.898671096,0.397849462,0.880952381,4,1,1,1,1,2,4,90.27522936,63.66972477,58.16513761,5.236253055,7.262349649,35.15850144,2.917843503,57.34870317,18.13326349,14.09365406,5.871559633,22.75229358,33.87096774,78.1,57585,404200,1847,77.52161383,90.4587156,24.10679205,1.492699302,1.28440367,1.331010899,6.972477064,4.936066153,6.735559421,16.6548519,2433.165114,2.249571696,3,High,2.249571696,High,StPt_floodpop_matrix
1.2103E+11,-0.162848,385686,4267.843356,467397.8917,2,4,245,72,27,2,0,560,34,0.94295302,1,0.055555556,6,0,560,30,0.94966443,1,0.166666667,35,36,524,1,0.937919463,0.492957746,0.972222222,34,24,536,2,0.956375839,0.586206897,0.944444444,2,1,3,1,1,4,4,56.04053001,69.60249415,42.32268122,5.168709471,2.958579882,51.95968645,0.623538581,54.19932811,18.59901572,1.56774916,6.78811187,52.68901013,45.85889571,62.2,103248,629100,2227,45.46472564,86.74980514,23.75808317,1.500770261,3.975058457,1.308925976,16.21200312,4.983300222,6.650178817,7.07456979,5996.775389,-1.19404292,1,Low,-1.19404292,Moderate,StPt_floodpop_matrix
1.2103E+11,-1.336368,362622,7055.931254,433929.5619,1,2,325,216,30,1,0,604,34,0.946791862,1,0.028571429,2,1,603,33,0.946791862,0.666666667,0.057142857,35,15,589,0,0.976525822,0.7,1,32,11,593,3,0.978090767,0.744186047,0.914285714,1,2,4,2,3,4,4,77.46478873,52.11267606,59.57746479,5.237495435,7.213494928,65.40540541,2.916963839,12.7027027,18.28713206,6.216216216,2.253521127,27.88732394,59.5959596,71.7,117835,1057100,,73.24324324,85.91549296,8.169014085,1.486506905,6.408406391,1.375357461,13.09859155,4.927761738,6.67473342,16.67607147,2642.699445,1.428548305,3,High,1.428548305,Moderate,StPt_floodpop_matrix
